{"cameraMode":{"drawMode":0,"name":"Shaded","section":"Shading Mode"},"sceneLighting":true,"audioPlay":false,"sceneViewState":{"m_AlwaysRefresh":false,"showFog":true,"showSkybox":true,"showFlares":true,"showImageEffects":true,"showParticleSystems":true,"showVisualEffectGraphs":true,"m_FxEnabled":true},"in2DMode":false,"pivot":{"x":2.3062379360198976,"y":0.014595644548535347,"z":-2.549384117126465},"rotation":{"x":-0.04447208717465401,"y":-0.954891562461853,"z":0.1894640177488327,"w":-0.2244340181350708},"size":1.6867201328277588,"orthographic":false}